SourceFile,ResultFile,CWE,SourceLines,ResultLines,CompressionRatio,IsEmptyResult
CWE-121_cpdb-libs_CVE-2023-34095.txt,CWE-121_cpdb-libs_CVE-2023-34095.txt_result.txt,CWE121,202,3,0.0149,False
CWE-121_gpac_CVE-2023-2837.txt,CWE-121_gpac_CVE-2023-2837.txt_result.txt,CWE121,175,21,0.12,False
CWE-121_pjproject_CVE-2022-24764.txt,CWE-121_pjproject_CVE-2022-24764.txt_result.txt,CWE121,4,0,,True
CWE-190_FreeRDP_CVE-2024-22211.txt,CWE-190_FreeRDP_CVE-2024-22211.txt_result.txt,CWE190,2,2,1.0,False
CWE-190_ImageMagick_CVE-2015-8895.txt,CWE-190_ImageMagick_CVE-2015-8895.txt_result.txt,CWE190,244,8,0.0328,False
CWE-190_Little-CMS_CVE-2018-16435.txt,CWE-190_Little-CMS_CVE-2018-16435.txt_result.txt,CWE190,3,3,1.0,False
CWE-190_android_security_CVE-2017-0576.txt,CWE-190_android_security_CVE-2017-0576.txt_result.txt,CWE190,11,11,1.0,False
CWE-190_bluez_CVE-2022-0204.txt,CWE-190_bluez_CVE-2022-0204.txt_result.txt,CWE190,12,4,0.3333,False
CWE-190_cpython_CVE-2018-20406.txt,CWE-190_cpython_CVE-2018-20406.txt_result.txt,CWE190,18,2,0.1111,False
CWE-190_gpac_CVE-2021-30014.txt,CWE-190_gpac_CVE-2021-30014.txt_result.txt,CWE190,5,4,0.8,False
CWE-190_gpac_CVE-2021-30022.txt,CWE-190_gpac_CVE-2021-30022.txt_result.txt,CWE190,5,2,0.4,False
CWE-190_jasper_CVE-2016-9387.txt,CWE-190_jasper_CVE-2016-9387.txt_result.txt,CWE190,6,4,0.6667,False
CWE-190_klibc_CVE-2021-31873.txt,CWE-190_klibc_CVE-2021-31873.txt_result.txt,CWE190,23,8,0.3478,False
CWE-190_libarchive_CVE-2016-4300.txt,CWE-190_libarchive_CVE-2016-4300.txt_result.txt,CWE190,78,13,0.1667,False
CWE-190_linux_CVE-2012-0044.txt,CWE-190_linux_CVE-2012-0044.txt_result.txt,CWE190,12,0,,True
CWE-190_linux_CVE-2012-6701.txt,CWE-190_linux_CVE-2012-6701.txt_result.txt,CWE190,17,0,,True
CWE-190_linux_CVE-2012-6703.txt,CWE-190_linux_CVE-2012-6703.txt_result.txt,CWE190,18,7,0.3889,False
CWE-190_linux_CVE-2014-3144.txt,CWE-190_linux_CVE-2014-3144.txt_result.txt,CWE190,5,5,1.0,False
CWE-190_linux_CVE-2014-4655.txt,CWE-190_linux_CVE-2014-4655.txt_result.txt,CWE190,50,3,0.06,False
CWE-190_linux_CVE-2016-8636.txt,CWE-190_linux_CVE-2016-8636.txt_result.txt,CWE190,49,0,,True
CWE-190_linux_CVE-2017-18255.txt,CWE-190_linux_CVE-2017-18255.txt_result.txt,CWE190,9,0,,True
CWE-190_linux_CVE-2017-5576.txt,CWE-190_linux_CVE-2017-5576.txt_result.txt,CWE190,32,0,,True
CWE-190_linux_CVE-2021-33909.txt,CWE-190_linux_CVE-2021-33909.txt_result.txt,CWE190,2,0,,True
CWE-190_linux_CVE-2022-39842.txt,CWE-190_linux_CVE-2022-39842.txt_result.txt,CWE190,7,2,0.2857,False
CWE-190_memcached_CVE-2018-1000127.txt,CWE-190_memcached_CVE-2018-1000127.txt_result.txt,CWE190,84,17,0.2024,False
CWE-190_nfdump_CVE-2019-14459.txt,CWE-190_nfdump_CVE-2019-14459.txt_result.txt,CWE190,52,7,0.1346,False
CWE-190_optee_os_CVE-2019-1010296.txt,CWE-190_optee_os_CVE-2019-1010296.txt_result.txt,CWE190,21,1,0.0476,False
CWE-190_pngquant_CVE-2016-5735.txt,CWE-190_pngquant_CVE-2016-5735.txt_result.txt,CWE190,9,2,0.2222,False
CWE-190_util-linux_CVE-2021-37600.txt,CWE-190_util-linux_CVE-2021-37600.txt_result.txt,CWE190,2,2,1.0,False
CWE-190_vim_CVE-2017-6349.txt,CWE-190_vim_CVE-2017-6349.txt_result.txt,CWE190,3,0,,True
CWE-190_vim_CVE-2022-2285.txt,CWE-190_vim_CVE-2022-2285.txt_result.txt,CWE190,146,0,,True
CWE-190_vim_CVE-2023-48234.txt,CWE-190_vim_CVE-2023-48234.txt_result.txt,CWE190,18,0,,True
CWE-191_FreeRDP_CVE-2023-39350.txt,CWE-191_FreeRDP_CVE-2023-39350.txt_result.txt,CWE191,158,46,0.2911,False
CWE-191_ghostpdl_CVE-2020-15900.txt,CWE-191_ghostpdl_CVE-2020-15900.txt_result.txt,CWE191,25,7,0.28,False
CWE-191_linux_CVE-2017-8924.txt,CWE-191_linux_CVE-2017-8924.txt_result.txt,CWE191,18,2,0.1111,False
CWE-191_pjproject_CVE-2021-37706.txt,CWE-191_pjproject_CVE-2021-37706.txt_result.txt,CWE191,5,4,0.8,False
CWE-191_rdesktop_CVE-2018-20180.txt,CWE-191_rdesktop_CVE-2018-20180.txt_result.txt,CWE191,2,1,0.5,False
CWE-191_vlc_CVE-2014-9626.txt,CWE-191_vlc_CVE-2014-9626.txt_result.txt,CWE191,2,2,1.0,False
CWE-787_Espruino_CVE-2022-25044.txt,CWE-787_Espruino_CVE-2022-25044.txt_result.txt,CWE787,61,36,0.5902,False
CWE-787_FFmpeg_CVE-2017-7865.txt,CWE-787_FFmpeg_CVE-2017-7865.txt_result.txt,CWE787,3,3,1.0,False
CWE-787_FFmpeg_CVE-2017-7866.txt,CWE-787_FFmpeg_CVE-2017-7866.txt_result.txt,CWE787,20,4,0.2,False
CWE-787_FFmpeg_CVE-2020-35964.txt,CWE-787_FFmpeg_CVE-2020-35964.txt_result.txt,CWE787,107,1,0.0093,False
CWE-787_FreeRDP_CVE-2018-8784.txt,CWE-787_FreeRDP_CVE-2018-8784.txt_result.txt,CWE787,38,0,,True
CWE-787_FreeRDP_CVE-2018-8786.txt,CWE-787_FreeRDP_CVE-2018-8786.txt_result.txt,CWE787,15,0,,True
CWE-787_FreeRDP_CVE-2018-8788.txt,CWE-787_FreeRDP_CVE-2018-8788.txt_result.txt,CWE787,58,6,0.1034,False
CWE-787_Little-CMS_CVE-2018-16435.txt,CWE-787_Little-CMS_CVE-2018-16435.txt_result.txt,CWE787,3,3,1.0,False
CWE-787_SDL_CVE-2021-33657.txt,CWE-787_SDL_CVE-2021-33657.txt_result.txt,CWE787,25,4,0.16,False
CWE-787_atomicparsley_CVE-2021-37232.txt,CWE-787_atomicparsley_CVE-2021-37232.txt_result.txt,CWE787,122,18,0.1475,False
CWE-787_curl_CVE-2018-0500.txt,CWE-787_curl_CVE-2018-0500.txt_result.txt,CWE787,5,3,0.6,False
CWE-787_faad2_CVE-2021-32272.txt,CWE-787_faad2_CVE-2021-32272.txt_result.txt,CWE787,18,3,0.1667,False
CWE-787_file_CVE-2019-18218.txt,CWE-787_file_CVE-2019-18218.txt_result.txt,CWE787,75,12,0.16,False
CWE-787_ghostpdl_CVE-2020-15900.txt,CWE-787_ghostpdl_CVE-2020-15900.txt_result.txt,CWE787,25,7,0.28,False
CWE-787_gpac_CVE-2018-20760.txt,CWE-787_gpac_CVE-2018-20760.txt_result.txt,CWE787,319,1,0.0031,False
CWE-787_gpac_CVE-2021-32136.txt,CWE-787_gpac_CVE-2021-32136.txt_result.txt,CWE787,77,0,,True
CWE-787_gpac_CVE-2021-32137.txt,CWE-787_gpac_CVE-2021-32137.txt_result.txt,CWE787,6,0,,True
CWE-787_gpac_CVE-2021-32268.txt,CWE-787_gpac_CVE-2021-32268.txt_result.txt,CWE787,6,6,1.0,False
CWE-787_gpac_CVE-2023-0770.txt,CWE-787_gpac_CVE-2023-0770.txt_result.txt,CWE787,73,6,0.0822,False
CWE-787_gpac_CVE-2023-46927.txt,CWE-787_gpac_CVE-2023-46927.txt_result.txt,CWE787,33,2,0.0606,False
CWE-787_gpac_CVE-2023-4754.txt,CWE-787_gpac_CVE-2023-4754.txt_result.txt,CWE787,42,0,,True
CWE-787_gpac_CVE-2023-48014.txt,CWE-787_gpac_CVE-2023-48014.txt_result.txt,CWE787,6,0,,True
CWE-787_gpmf-parser_CVE-2019-15148.txt,CWE-787_gpmf-parser_CVE-2019-15148.txt_result.txt,CWE787,102,2,0.0196,False
CWE-787_gss-ntlmssp_CVE-2023-25564.txt,CWE-787_gss-ntlmssp_CVE-2023-25564.txt_result.txt,CWE787,14,0,,True
CWE-787_kamailio_CVE-2018-8828.txt,CWE-787_kamailio_CVE-2018-8828.txt_result.txt,CWE787,44,5,0.1136,False
CWE-787_keepkey-firmware_CVE-2019-18671.txt,CWE-787_keepkey-firmware_CVE-2019-18671.txt_result.txt,CWE787,2,2,1.0,False
CWE-787_ksmbd_CVE-2023-0210.txt,CWE-787_ksmbd_CVE-2023-0210.txt_result.txt,CWE787,35,7,0.2,False
CWE-787_libevent_CVE-2016-10196.txt,CWE-787_libevent_CVE-2016-10196.txt_result.txt,CWE787,34,12,0.3529,False
CWE-787_libmysofa_CVE-2021-3756.txt,CWE-787_libmysofa_CVE-2021-3756.txt_result.txt,CWE787,11,1,0.0909,False
CWE-787_libvncserver_CVE-2018-20748.txt,CWE-787_libvncserver_CVE-2018-20748.txt_result.txt,CWE787,55,0,,True
CWE-787_libvncserver_CVE-2018-20749.txt,CWE-787_libvncserver_CVE-2018-20749.txt_result.txt,CWE787,33,0,,True
CWE-787_libvncserver_CVE-2019-20840.txt,CWE-787_libvncserver_CVE-2019-20840.txt_result.txt,CWE787,24,0,,True
CWE-787_linux_CVE-2012-3400.txt,CWE-787_linux_CVE-2012-3400.txt_result.txt,CWE787,30,1,0.0333,False
CWE-787_linux_CVE-2017-8067.txt,CWE-787_linux_CVE-2017-8067.txt_result.txt,CWE787,9,0,,True
CWE-787_linux_CVE-2018-13095.txt,CWE-787_linux_CVE-2018-13095.txt_result.txt,CWE787,45,14,0.3111,False
CWE-787_linux_CVE-2018-5332.txt,CWE-787_linux_CVE-2018-5332.txt_result.txt,CWE787,13,1,0.0769,False
CWE-787_linux_CVE-2019-20636.txt,CWE-787_linux_CVE-2019-20636.txt_result.txt,CWE787,25,9,0.36,False
CWE-787_linux_CVE-2020-12653.txt,CWE-787_linux_CVE-2020-12653.txt_result.txt,CWE787,110,28,0.2545,False
CWE-787_linux_CVE-2021-31916.txt,CWE-787_linux_CVE-2021-31916.txt_result.txt,CWE787,10,2,0.2,False
CWE-787_linux_CVE-2022-3028.txt,CWE-787_linux_CVE-2022-3028.txt_result.txt,CWE787,91,0,,True
CWE-787_linux_CVE-2022-43750.txt,CWE-787_linux_CVE-2022-43750.txt_result.txt,CWE787,2,2,1.0,False
CWE-787_linux_CVE-2022-47518.txt,CWE-787_linux_CVE-2022-47518.txt_result.txt,CWE787,24,2,0.0833,False
CWE-787_linux_CVE-2022-47942.txt,CWE-787_linux_CVE-2022-47942.txt_result.txt,CWE787,17,1,0.0588,False
CWE-787_linux_CVE-2023-31436.txt,CWE-787_linux_CVE-2023-31436.txt_result.txt,CWE787,69,10,0.1449,False
CWE-787_mruby_CVE-2022-1286.txt,CWE-787_mruby_CVE-2022-1286.txt_result.txt,CWE787,5,1,0.2,False
CWE-787_neomutt_CVE-2018-14360.txt,CWE-787_neomutt_CVE-2018-14360.txt_result.txt,CWE787,30,4,0.1333,False
CWE-787_ngiflib_CVE-2019-16346.txt,CWE-787_ngiflib_CVE-2019-16346.txt_result.txt,CWE787,4,4,1.0,False
CWE-787_njs_CVE-2022-29379.txt,CWE-787_njs_CVE-2022-29379.txt_result.txt,CWE787,2,1,0.5,False
CWE-787_oniguruma_CVE-2017-9225.txt,CWE-787_oniguruma_CVE-2017-9225.txt_result.txt,CWE787,9,0,,True
CWE-787_open5gs_CVE-2021-44109.txt,CWE-787_open5gs_CVE-2021-44109.txt_result.txt,CWE787,44,15,0.3409,False
CWE-787_open62541_CVE-2020-36429.txt,CWE-787_open62541_CVE-2020-36429.txt_result.txt,CWE787,6,2,0.3333,False
CWE-787_openjpeg_CVE-2017-14040.txt,CWE-787_openjpeg_CVE-2017-14040.txt_result.txt,CWE787,6,0,,True
CWE-787_optee_os_CVE-2019-1010292.txt,CWE-787_optee_os_CVE-2019-1010292.txt_result.txt,CWE787,35,5,0.1429,False
CWE-787_pdfresurrect_CVE-2019-14934.txt,CWE-787_pdfresurrect_CVE-2019-14934.txt_result.txt,CWE787,1,1,1.0,False
CWE-787_rabbitmq-c_CVE-2019-18609.txt,CWE-787_rabbitmq-c_CVE-2019-18609.txt_result.txt,CWE787,10,6,0.6,False
CWE-787_radare2_CVE-2018-20455.txt,CWE-787_radare2_CVE-2018-20455.txt_result.txt,CWE787,20,11,0.55,False
CWE-787_radare2_CVE-2018-20460.txt,CWE-787_radare2_CVE-2018-20460.txt_result.txt,CWE787,11,0,,True
CWE-787_radare2_CVE-2022-0676.txt,CWE-787_radare2_CVE-2022-0676.txt_result.txt,CWE787,10,0,,True
CWE-787_radare2_CVE-2022-1052.txt,CWE-787_radare2_CVE-2022-1052.txt_result.txt,CWE787,20,0,,True
CWE-787_radare2_CVE-2022-28068.txt,CWE-787_radare2_CVE-2022-28068.txt_result.txt,CWE787,47,0,,True
CWE-787_radare2_CVE-2023-4322.txt,CWE-787_radare2_CVE-2023-4322.txt_result.txt,CWE787,8,0,,True
CWE-787_radare2_CVE-2023-47016.txt,CWE-787_radare2_CVE-2023-47016.txt_result.txt,CWE787,25,0,,True
CWE-787_radare2_CVE-2023-5686.txt,CWE-787_radare2_CVE-2023-5686.txt_result.txt,CWE787,11,3,0.2727,False
CWE-787_rdesktop_CVE-2018-8800.txt,CWE-787_rdesktop_CVE-2018-8800.txt_result.txt,CWE787,19,1,0.0526,False
CWE-787_tnef_CVE-2017-6309.txt,CWE-787_tnef_CVE-2017-6309.txt_result.txt,CWE787,19,10,0.5263,False
CWE-787_uftpd_CVE-2020-20276.txt,CWE-787_uftpd_CVE-2020-20276.txt_result.txt,CWE787,25,3,0.12,False
CWE-787_vim_CVE-2022-0318.txt,CWE-787_vim_CVE-2022-0318.txt_result.txt,CWE787,58,4,0.069,False
CWE-787_vim_CVE-2022-1785.txt,CWE-787_vim_CVE-2022-1785.txt_result.txt,CWE787,119,0,,True
CWE-787_vim_CVE-2022-1897.txt,CWE-787_vim_CVE-2022-1897.txt_result.txt,CWE787,12,0,,True
CWE-787_vim_CVE-2023-4738.txt,CWE-787_vim_CVE-2023-4738.txt_result.txt,CWE787,12,0,,True
CWE-787_visit_repo_url_CVE-2018-14350.txt,CWE-787_visit_repo_url_CVE-2018-14350.txt_result.txt,CWE787,56,8,0.1429,False
CWE-787_zlib_CVE-2018-25032.txt,CWE-787_zlib_CVE-2018-25032.txt_result.txt,CWE787,5,0,,True
CWE-89_MapServer_CVE-2013-7262.txt,CWE-89_MapServer_CVE-2013-7262.txt_result.txt,CWE89,43,5,0.1163,False
