SourceFile,ResultFile,CWE,SourceLines,ResultLines,CompressionRatio,IsEmptyResult,,CWE-190_FreeRDP_CVE-2024-22211.txt,CWE-190_FreeRDP_CVE-2024-22211.txt_result.txt,CWE190,2,2,0.0328,FALSE,,,¼ò»¯±ÈÂÊ,CWE190,CWE190,CWE119-1,CWE119
CWE-119_DBD-mysql_CVE-2016-1246.txt,CWE-119_DBD-mysql_CVE-2016-1246.txt_result.txt,CWE119,19,7,0.0172,FALSE,,CWE-190_ImageMagick_CVE-2015-8895.txt,CWE-190_ImageMagick_CVE-2015-8895.txt_result.txt,CWE190,244,8,0.0476,FALSE,,,0.1,4,0.2,8,0.177777778
CWE-119_Espruino_CVE-2018-11595.txt,CWE-119_Espruino_CVE-2018-11595.txt_result.txt,CWE119,14,11,0.0189,FALSE,,CWE-190_Little-CMS_CVE-2018-16435.txt,CWE-190_Little-CMS_CVE-2018-16435.txt_result.txt,CWE190,3,3,0.06,FALSE,,,0.2,3,0.15,12,0.266666667
CWE-119_FFmpeg_CVE-2013-4263.txt,CWE-119_FFmpeg_CVE-2013-4263.txt_result.txt,CWE119,11,0,0.0273,TRUE,,CWE-190_android_security_CVE-2017-0576.txt,CWE-190_android_security_CVE-2017-0576.txt_result.txt,CWE190,11,11,0.1111,FALSE,,,0.3,2,0.1,9,0.2
CWE-119_FFmpeg_CVE-2013-7018.txt,CWE-119_FFmpeg_CVE-2013-7018.txt_result.txt,CWE119,8,0,0.0476,TRUE,,CWE-190_bluez_CVE-2022-0204.txt,CWE-190_bluez_CVE-2022-0204.txt_result.txt,CWE190,12,4,0.1346,FALSE,,,0.4,4,0.2,1,0.022222222
CWE-119_FFmpeg_CVE-2013-7020.txt,CWE-119_FFmpeg_CVE-2013-7020.txt_result.txt,CWE119,9,2,0.0488,FALSE,,CWE-190_cpython_CVE-2018-20406.txt,CWE-190_cpython_CVE-2018-20406.txt_result.txt,CWE190,18,2,0.1667,FALSE,,,0.5,0,0,6,0.133333333
CWE-119_FFmpeg_CVE-2013-7022.txt,CWE-119_FFmpeg_CVE-2013-7022.txt_result.txt,CWE119,2,2,0.0645,FALSE,,CWE-190_gpac_CVE-2021-30014.txt,CWE-190_gpac_CVE-2021-30014.txt_result.txt,CWE190,5,4,0.2024,FALSE,,,0.6,1,0.05,1,0.022222222
CWE-119_FFmpeg_CVE-2016-3062.txt,CWE-119_FFmpeg_CVE-2016-3062.txt_result.txt,CWE119,7,2,0.0909,FALSE,,CWE-190_gpac_CVE-2021-30022.txt,CWE-190_gpac_CVE-2021-30022.txt_result.txt,CWE190,5,2,0.2222,FALSE,,,0.7,0,0,1,0.022222222
CWE-119_FFmpeg_CVE-2017-14767.txt,CWE-119_FFmpeg_CVE-2017-14767.txt_result.txt,CWE119,10,2,0.1034,FALSE,,CWE-190_jasper_CVE-2016-9387.txt,CWE-190_jasper_CVE-2016-9387.txt_result.txt,CWE190,6,4,0.2857,FALSE,,,0.8,1,0.05,1,0.022222222
CWE-119_FFmpeg_CVE-2017-9990.txt,CWE-119_FFmpeg_CVE-2017-9990.txt_result.txt,CWE119,60,8,0.1119,FALSE,,CWE-190_klibc_CVE-2021-31873.txt,CWE-190_klibc_CVE-2021-31873.txt_result.txt,CWE190,23,8,0.3333,FALSE,,,0.9,0,0,1,0.022222222
CWE-119_FFmpeg_CVE-2017-9995.txt,CWE-119_FFmpeg_CVE-2017-9995.txt_result.txt,CWE119,41,2,0.1143,FALSE,,CWE-190_libarchive_CVE-2016-4300.txt,CWE-190_libarchive_CVE-2016-4300.txt_result.txt,CWE190,78,13,0.3478,FALSE,,,1,5,0.25,5,0.111111111
CWE-119_FFmpeg_CVE-2018-1999011.txt,CWE-119_FFmpeg_CVE-2018-1999011.txt_result.txt,CWE119,62,0,0.1154,TRUE,,CWE-190_linux_CVE-2012-0044.txt,CWE-190_linux_CVE-2012-0044.txt_result.txt,CWE190,12,0,0.3889,TRUE,,,,20,,45,
CWE-119_FreeRDP_CVE-2020-11046.txt,CWE-119_FreeRDP_CVE-2020-11046.txt_result.txt,CWE119,22,11,0.12,FALSE,,CWE-190_linux_CVE-2012-6701.txt,CWE-190_linux_CVE-2012-6701.txt_result.txt,CWE190,17,0,0.4,TRUE,,,,,,,
CWE-119_FreeRTOS-Kernel_CVE-2021-32020.txt,CWE-119_FreeRTOS-Kernel_CVE-2021-32020.txt_result.txt,CWE119,7,1,0.1333,FALSE,,CWE-190_linux_CVE-2012-6703.txt,CWE-190_linux_CVE-2012-6703.txt_result.txt,CWE190,18,7,0.6667,FALSE,,,,,,,
CWE-119_ImageMagick_CVE-2017-16546.txt,CWE-119_ImageMagick_CVE-2017-16546.txt_result.txt,CWE119,220,6,0.1429,FALSE,,CWE-190_linux_CVE-2014-3144.txt,CWE-190_linux_CVE-2014-3144.txt_result.txt,CWE190,5,5,0.8,FALSE,,,,,,,
CWE-119_OpenSC_CVE-2018-16391.txt,CWE-119_OpenSC_CVE-2018-16391.txt_result.txt,CWE119,57,14,0.1463,FALSE,,CWE-190_linux_CVE-2014-4655.txt,CWE-190_linux_CVE-2014-4655.txt_result.txt,CWE190,50,3,1,FALSE,,,,,,,
CWE-119_OpenSC_CVE-2019-15946.txt,CWE-119_OpenSC_CVE-2019-15946.txt_result.txt,CWE119,6,0,0.1667,TRUE,,CWE-190_linux_CVE-2016-8636.txt,CWE-190_linux_CVE-2016-8636.txt_result.txt,CWE190,49,0,1,TRUE,,,,,,,
CWE-119_clamav_CVE-2017-6419.txt,CWE-119_clamav_CVE-2017-6419.txt_result.txt,CWE119,2,2,0.1667,FALSE,,CWE-190_linux_CVE-2017-18255.txt,CWE-190_linux_CVE-2017-18255.txt_result.txt,CWE190,9,0,1,TRUE,,,,,,,
CWE-119_collectd_CVE-2016-6254.txt,CWE-119_collectd_CVE-2016-6254.txt_result.txt,CWE119,134,15,0.1707,FALSE,,CWE-190_linux_CVE-2017-5576.txt,CWE-190_linux_CVE-2017-5576.txt_result.txt,CWE190,32,0,1,TRUE,,,,,,,
CWE-119_curl_CVE-2017-7407.txt,CWE-119_curl_CVE-2017-7407.txt_result.txt,CWE119,157,0,0.2,TRUE,,CWE-190_linux_CVE-2021-33909.txt,CWE-190_linux_CVE-2021-33909.txt_result.txt,CWE190,2,0,1,TRUE,,,,,,,
CWE-119_file_CVE-2012-1571.txt,CWE-119_file_CVE-2012-1571.txt_result.txt,CWE119,41,6,0.2222,FALSE,,CWE-190_linux_CVE-2022-39842.txt,CWE-190_linux_CVE-2022-39842.txt_result.txt,CWE190,7,2,,FALSE,,,,,,,
CWE-119_file_CVE-2014-9652.txt,CWE-119_file_CVE-2014-9652.txt_result.txt,CWE119,4,2,0.2273,FALSE,,CWE-190_memcached_CVE-2018-1000127.txt,CWE-190_memcached_CVE-2018-1000127.txt_result.txt,CWE190,84,17,,FALSE,,,,,,,
CWE-119_file_CVE-2015-8865.txt,CWE-119_file_CVE-2015-8865.txt_result.txt,CWE119,2,1,0.2456,FALSE,,CWE-190_nfdump_CVE-2019-14459.txt,CWE-190_nfdump_CVE-2019-14459.txt_result.txt,CWE190,52,7,,FALSE,,,,,,,
CWE-119_git_CVE-2016-2315.txt,CWE-119_git_CVE-2016-2315.txt_result.txt,CWE119,58,0,0.25,TRUE,,CWE-190_optee_os_CVE-2019-1010296.txt,CWE-190_optee_os_CVE-2019-1010296.txt_result.txt,CWE190,21,1,,FALSE,,,,,,,
CWE-119_git_CVE-2016-2324.txt,CWE-119_git_CVE-2016-2324.txt_result.txt,CWE119,21,1,0.25,FALSE,,CWE-190_pngquant_CVE-2016-5735.txt,CWE-190_pngquant_CVE-2016-5735.txt_result.txt,CWE190,9,2,,FALSE,,,,,,,
CWE-119_gpac_CVE-2018-20761.txt,CWE-119_gpac_CVE-2018-20761.txt_result.txt,CWE119,11,1,0.25,FALSE,,CWE-190_util-linux_CVE-2021-37600.txt,CWE-190_util-linux_CVE-2021-37600.txt_result.txt,CWE190,2,2,,FALSE,,,,,,,
CWE-119_ioq3_CVE-2017-11721.txt,CWE-119_ioq3_CVE-2017-11721.txt_result.txt,CWE119,2,2,0.2586,FALSE,,CWE-190_vim_CVE-2017-6349.txt,CWE-190_vim_CVE-2017-6349.txt_result.txt,CWE190,3,0,,TRUE,,,,,,,
CWE-119_jq_CVE-2015-8863.txt,CWE-119_jq_CVE-2015-8863.txt_result.txt,CWE119,4,2,0.2857,FALSE,,CWE-190_vim_CVE-2022-2285.txt,CWE-190_vim_CVE-2022-2285.txt_result.txt,CWE190,146,0,,TRUE,,,,,,,
CWE-119_json-c_CVE-2013-6370.txt,CWE-119_json-c_CVE-2013-6370.txt_result.txt,CWE119,273,0,0.3,TRUE,,CWE-190_vim_CVE-2023-48234.txt,CWE-190_vim_CVE-2023-48234.txt_result.txt,CWE190,18,0,,TRUE,,,,,,,
CWE-119_kamailio_CVE-2016-2385.txt,CWE-119_kamailio_CVE-2016-2385.txt_result.txt,CWE119,58,15,0.3684,FALSE,,,,,,,,,,,,,,,
CWE-119_krb5_CVE-2015-2698.txt,CWE-119_krb5_CVE-2015-2698.txt_result.txt,CWE119,7,6,0.44,FALSE,,,,,,,,,,,,,,,
CWE-119_leptonica_CVE-2018-7247.txt,CWE-119_leptonica_CVE-2018-7247.txt_result.txt,CWE119,78,13,0.5,FALSE,,,,,,,,,,,,,,,
CWE-119_libarchive_CVE-2016-4301.txt,CWE-119_libarchive_CVE-2016-4301.txt_result.txt,CWE119,13,0,0.5,TRUE,,,,,,,,,,,,,,,
CWE-119_libgit2_CVE-2016-10128.txt,CWE-119_libgit2_CVE-2016-10128.txt_result.txt,CWE119,20,19,0.5,FALSE,,,,,,,,,,,,,,,
CWE-119_libmobi_CVE-2021-3888.txt,CWE-119_libmobi_CVE-2021-3888.txt_result.txt,CWE119,26,3,0.5,FALSE,,,,,,,,,,,,,,,
CWE-119_libtiff_CVE-2016-10092.txt,CWE-119_libtiff_CVE-2016-10092.txt_result.txt,CWE119,106,2,0.5,FALSE,,,,,,,,,,,,,,,
CWE-119_libtiff_CVE-2016-9533.txt,CWE-119_libtiff_CVE-2016-9533.txt_result.txt,CWE119,9,9,0.5714,FALSE,,,,,,,,,,,,,,,
CWE-119_nbd_CVE-2011-0530.txt,CWE-119_nbd_CVE-2011-0530.txt_result.txt,CWE119,44,10,0.7,FALSE,,,,,,,,,,,,,,,
CWE-119_openjpeg_CVE-2017-12982.txt,CWE-119_openjpeg_CVE-2017-12982.txt_result.txt,CWE119,10,3,0.7857,FALSE,,,,,,,,,,,,,,,
CWE-119_openjpeg_CVE-2018-7648.txt,CWE-119_openjpeg_CVE-2018-7648.txt_result.txt,CWE119,25,0,0.8571,TRUE,,,,,,,,,,,,,,,
CWE-119_openssl_CVE-2014-8176.txt,CWE-119_openssl_CVE-2014-8176.txt_result.txt,CWE119,8,2,0.95,FALSE,,,,,,,,,,,,,,,
CWE-119_openssl_CVE-2015-0206.txt,CWE-119_openssl_CVE-2015-0206.txt_result.txt,CWE119,10,7,1,FALSE,,,,,,,,,,,,,,,
CWE-119_openssl_CVE-2015-1789.txt,CWE-119_openssl_CVE-2015-1789.txt_result.txt,CWE119,58,1,1,FALSE,,,,,,,,,,,,,,,
CWE-119_php-src_CVE-2016-9933.txt,CWE-119_php-src_CVE-2016-9933.txt_result.txt,CWE119,82,14,1,FALSE,,,,,,,,,,,,,,,
CWE-119_pycrypto_CVE-2013-7459.txt,CWE-119_pycrypto_CVE-2013-7459.txt_result.txt,CWE119,42,7,1,FALSE,,,,,,,,,,,,,,,
CWE-119_radare2_CVE-2017-15385.txt,CWE-119_radare2_CVE-2017-15385.txt_result.txt,CWE119,97,0,,TRUE,,,,,,,,,,,,,,,
CWE-119_radare2_CVE-2017-6448.txt,CWE-119_radare2_CVE-2017-6448.txt_result.txt,CWE119,16,0,,TRUE,,,,,,,,,,,,,,,
CWE-119_radare2_CVE-2017-9763.txt,CWE-119_radare2_CVE-2017-9763.txt_result.txt,CWE119,77,0,,TRUE,,,,,,,,,,,,,,,
CWE-119_radare2_CVE-2022-0522.txt,CWE-119_radare2_CVE-2022-0522.txt_result.txt,CWE119,62,4,,FALSE,,,,,,,,,,,,,,,
CWE-119_shadow_CVE-2017-12424.txt,CWE-119_shadow_CVE-2017-12424.txt_result.txt,CWE119,8,2,,FALSE,,,,,,,,,,,,,,,
CWE-119_squidclamav_CVE-2012-3501.txt,CWE-119_squidclamav_CVE-2012-3501.txt_result.txt,CWE119,35,4,,FALSE,,,,,,,,,,,,,,,
CWE-119_tcpdump_CVE-2014-9140.txt,CWE-119_tcpdump_CVE-2014-9140.txt_result.txt,CWE119,29,3,,FALSE,,,,,,,,,,,,,,,
CWE-119_texlive-source_CVE-2018-17407.txt,CWE-119_texlive-source_CVE-2018-17407.txt_result.txt,CWE119,14,8,,FALSE,,,,,,,,,,,,,,,
CWE-119_tinc_CVE-2013-1428.txt,CWE-119_tinc_CVE-2013-1428.txt_result.txt,CWE119,8,2,,FALSE,,,,,,,,,,,,,,,
CWE-119_torque_CVE-2014-0749.txt,CWE-119_torque_CVE-2014-0749.txt_result.txt,CWE119,25,11,,FALSE,,,,,,,,,,,,,,,
CWE-119_visit_repo_url_CVE-2014-9709.txt,CWE-119_visit_repo_url_CVE-2014-9709.txt_result.txt,CWE119,37,0,,TRUE,,,,,,,,,,,,,,,
CWE-119_visit_repo_url_CVE-2017-5336.txt,CWE-119_visit_repo_url_CVE-2017-5336.txt_result.txt,CWE119,17,0,,TRUE,,,,,,,,,,,,,,,
CWE-119_visit_repo_url_CVE-2018-14362.txt,CWE-119_visit_repo_url_CVE-2018-14362.txt_result.txt,CWE119,12,6,,FALSE,,,,,,,,,,,,,,,
CWE-119_wildmidi_CVE-2017-1000418.txt,CWE-119_wildmidi_CVE-2017-1000418.txt_result.txt,CWE119,25,3,,FALSE,,,,,,,,,,,,,,,
